position,n_obs,gap_count,gap_fraction,A,C,D,E,F,G,H,I,K,L,M,N,P,Q,R,S,T,V,W,Y,*
1,67,0,0.0,0.0,0.0,0.0,0.8358,0.0,0.0,0.0,0.0,0.0,0.0,0.0,0.0,0.0,0.1493,0.0,0.0,0.0149,0.0,0.0,0.0,0.0
2,67,0,0.0,0.0,0.0,0.0299,0.0,0.0,0.0,0.0,0.0,0.0,0.0,0.0448,0.0,0.0,0.0,0.0,0.0,0.0149,0.9104,0.0,0.0,0.0
3,67,0,0.0,0.0,0.0,0.0,0.0,0.0,0.0,0.0,0.0,0.0,0.0,0.0,0.0,0.0,1.0,0.0,0.0,0.0,0.0,0.0,0.0,0.0
4,67,0,0.0,0.0,0.0,0.0,0.0,0.0,0.0,0.0,0.0,0.0,1.0,0.0,0.0,0.0,0.0,0.0,0.0,0.0,0.0,0.0,0.0,0.0
5,67,0,0.0,0.0,0.0,0.0,0.0,0.0,0.0,0.0,0.0,0.0,0.0299,0.0,0.0,0.0,0.0,0.0,0.0,0.0,0.9701,0.0,0.0,0.0
6,67,0,0.0,0.0,0.0,0.0,1.0,0.0,0.0,0.0,0.0,0.0,0.0,0.0,0.0,0.0,0.0,0.0,0.0,0.0,0.0,0.0,0.0,0.0
7,67,0,0.0,0.0,0.0,0.0,0.0,0.0,0.0,0.0,0.0,0.0,0.0,0.0,0.0,0.0,0.0,0.0,0.9851,0.0149,0.0,0.0,0.0,0.0
8,67,0,0.0,0.0,0.0,0.0,0.0,0.0,0.9851,0.0,0.0,0.0,0.0,0.0,0.0,0.0,0.0,0.0149,0.0,0.0,0.0,0.0,0.0,0.0
9,67,0,0.0,0.0,0.0,0.0,0.0299,0.0,0.9701,0.0,0.0,0.0,0.0,0.0,0.0,0.0,0.0,0.0,0.0,0.0,0.0,0.0,0.0,0.0
10,0,67,1.0,0.0,0.0,0.0,0.0,0.0,0.0,0.0,0.0,0.0,0.0,0.0,0.0,0.0,0.0,0.0,0.0,0.0,0.0,0.0,0.0,0.0
11,67,0,0.0,0.0,0.0,0.0,0.0,0.0,0.9403,0.0,0.0,0.0,0.0,0.0,0.0,0.0,0.0,0.0,0.0,0.0,0.0597,0.0,0.0,0.0
12,67,0,0.0,0.0,0.0,0.0,0.0,0.0,0.0,0.0,0.0,0.0,0.7761,0.0,0.0,0.0,0.0,0.0,0.0,0.0,0.2239,0.0,0.0,0.0
13,67,0,0.0,0.0448,0.0,0.0,0.0,0.0,0.0,0.0,0.0448,0.0,0.0,0.0,0.0,0.0,0.0,0.0,0.0,0.0,0.9104,0.0,0.0,0.0
14,67,0,0.0,0.0,0.0,0.0,0.0149,0.0,0.0,0.0,0.0,0.1791,0.0,0.0,0.0,0.0,0.7612,0.0448,0.0,0.0,0.0,0.0,0.0,0.0
15,67,0,0.0,0.0,0.0,0.0,0.0,0.0,0.0,0.0,0.0,0.0,0.0,0.0,0.0,1.0,0.0,0.0,0.0,0.0,0.0,0.0,0.0,0.0
16,67,0,0.0,0.0299,0.0,0.0,0.0,0.0,0.9403,0.0,0.0,0.0,0.0,0.0,0.0,0.0,0.0,0.0299,0.0,0.0,0.0,0.0,0.0,0.0
17,67,0,0.0,0.0,0.0,0.0,0.0,0.0,0.7612,0.0,0.0,0.0,0.0,0.0,0.0,0.0,0.0,0.209,0.0,0.0,0.0,0.0299,0.0,0.0
18,67,0,0.0,0.0,0.0,0.0,0.0,0.0,0.0,0.0,0.0,0.0,0.0,0.0,0.0,0.0,0.0,0.0,1.0,0.0,0.0,0.0,0.0,0.0
19,67,0,0.0,0.0,0.0,0.0,0.0,0.0,0.0,0.0,0.0,0.0,0.9552,0.0,0.0,0.0448,0.0,0.0,0.0,0.0,0.0,0.0,0.0,0.0
20,67,0,0.0,0.0,0.0,0.0,0.0,0.0,0.0,0.0,0.0149,0.0149,0.0,0.0,0.0,0.0,0.0,0.9701,0.0,0.0,0.0,0.0,0.0,0.0
21,67,0,0.0,0.0,0.0,0.0,0.0,0.0,0.0,0.0,0.0,0.0,0.9701,0.0,0.0,0.0299,0.0,0.0,0.0,0.0,0.0,0.0,0.0,0.0
22,67,0,0.0,0.0,0.0,0.0,0.0,0.0,0.0,0.0,0.0,0.0,0.0,0.0,0.0,0.0,0.0,0.0,1.0,0.0,0.0,0.0,0.0,0.0
23,67,0,0.0,0.0,0.9851,0.0,0.0,0.0149,0.0,0.0,0.0,0.0,0.0,0.0,0.0,0.0,0.0,0.0,0.0,0.0,0.0,0.0,0.0,0.0
24,67,0,0.0,0.9403,0.0,0.0,0.0,0.0,0.0,0.0,0.0,0.0,0.0,0.0,0.0,0.0,0.0,0.0,0.0149,0.0448,0.0,0.0,0.0,0.0
25,67,0,0.0,1.0,0.0,0.0,0.0,0.0,0.0,0.0,0.0,0.0,0.0,0.0,0.0,0.0,0.0,0.0,0.0,0.0,0.0,0.0,0.0,0.0
26,67,0,0.0,0.0,0.0,0.0,0.0,0.0,0.0,0.0,0.0,0.0,0.0,0.0,0.0,0.0,0.0,0.0,1.0,0.0,0.0,0.0,0.0,0.0
27,67,0,0.0,0.0,0.0,0.0,0.0,0.0,0.9552,0.0,0.0,0.0,0.0,0.0,0.0,0.0,0.0448,0.0,0.0,0.0,0.0,0.0,0.0,0.0
28,67,0,0.0,0.0,0.0,0.0,0.0,1.0,0.0,0.0,0.0,0.0,0.0,0.0,0.0,0.0,0.0,0.0,0.0,0.0,0.0,0.0,0.0,0.0
29,67,0,0.0,0.0299,0.0,0.0,0.0,0.0,0.0,0.0,0.0,0.0,0.0,0.0,0.0,0.0,0.0,0.0,0.0,0.9701,0.0,0.0,0.0,0.0
30,67,0,0.0,0.0,0.0,0.0,0.0,0.8657,0.0,0.0,0.0,0.0,0.0,0.0,0.0,0.0,0.0,0.0,0.0149,0.0,0.1194,0.0,0.0,0.0
31,0,67,1.0,0.0,0.0,0.0,0.0,0.0,0.0,0.0,0.0,0.0,0.0,0.0,0.0,0.0,0.0,0.0,0.0,0.0,0.0,0.0,0.0,0.0
32,0,67,1.0,0.0,0.0,0.0,0.0,0.0,0.0,0.0,0.0,0.0,0.0,0.0,0.0,0.0,0.0,0.0,0.0,0.0,0.0,0.0,0.0,0.0
33,0,67,1.0,0.0,0.0,0.0,0.0,0.0,0.0,0.0,0.0,0.0,0.0,0.0,0.0,0.0,0.0,0.0,0.0,0.0,0.0,0.0,0.0,0.0
34,0,67,1.0,0.0,0.0,0.0,0.0,0.0,0.0,0.0,0.0,0.0,0.0,0.0,0.0,0.0,0.0,0.0,0.0,0.0,0.0,0.0,0.0,0.0
35,67,0,0.0,0.0,0.0,0.1642,0.0,0.0,0.0448,0.0,0.0,0.0,0.0,0.0,0.0,0.0,0.0,0.0,0.791,0.0,0.0,0.0,0.0,0.0
36,67,0,0.0,0.0,0.0,0.2687,0.0,0.0,0.0149,0.0,0.0,0.0,0.0,0.0,0.1194,0.0,0.0,0.0,0.597,0.0,0.0,0.0,0.0,0.0
37,67,0,0.0,0.0299,0.0,0.0,0.0,0.0,0.0,0.0149,0.0,0.0,0.0,0.0,0.1194,0.0,0.0,0.0,0.1194,0.0,0.0,0.0,0.7164,0.0
38,67,0,0.0,0.3284,0.0,0.1343,0.0597,0.0,0.1343,0.0,0.0,0.0,0.0,0.0,0.0,0.0,0.0,0.0,0.0746,0.0149,0.0149,0.0597,0.1791,0.0
39,67,0,0.0,0.0,0.0,0.0,0.0,0.0,0.0,0.0,0.0,0.0,0.0299,0.9701,0.0,0.0,0.0,0.0,0.0,0.0,0.0,0.0,0.0,0.0
40,67,0,0.0,0.0,0.0,0.0149,0.0,0.0,0.0,0.4179,0.0,0.0,0.0,0.0,0.2537,0.0,0.0,0.0,0.3134,0.0,0.0,0.0,0.0,0.0
41,67,0,0.0,0.0,0.0448,0.0,0.0,0.0,0.0,0.0,0.0,0.0,0.0,0.0,0.0,0.0,0.0,0.0,0.0,0.0,0.0,0.9552,0.0,0.0
42,67,0,0.0,0.0448,0.0,0.0,0.0,0.0299,0.0,0.0,0.0597,0.0,0.0,0.0,0.0,0.0,0.0,0.0,0.0,0.0,0.8657,0.0,0.0,0.0
43,67,0,0.0,0.0,0.0149,0.0,0.0,0.0,0.0,0.0299,0.0,0.0,0.0,0.0,0.0,0.0,0.0,0.9552,0.0,0.0,0.0,0.0,0.0,0.0
44,67,0,0.0,0.0,0.0,0.0,0.0,0.0,0.0,0.0,0.0,0.0448,0.0,0.0,0.0,0.0,0.9254,0.0299,0.0,0.0,0.0,0.0,0.0,0.0
45,67,0,0.0,1.0,0.0,0.0,0.0,0.0,0.0,0.0,0.0,0.0,0.0,0.0,0.0,0.0,0.0,0.0,0.0,0.0,0.0,0.0,0.0,0.0
46,67,0,0.0,0.0,0.0,0.0,0.0,0.0,0.0,0.0,0.0,0.0,0.0,0.0,0.0,0.9403,0.0,0.0,0.0149,0.0448,0.0,0.0,0.0,0.0
47,67,0,0.0,0.0,0.0,0.0,0.0,0.0,0.9851,0.0,0.0,0.0,0.0,0.0,0.0,0.0,0.0,0.0149,0.0,0.0,0.0,0.0,0.0,0.0
48,67,0,0.0,0.0,0.0,0.0,0.0,0.0,0.0,0.0,0.0,0.9552,0.0,0.0,0.0448,0.0,0.0,0.0,0.0,0.0,0.0,0.0,0.0,0.0
49,67,0,0.0,0.0,0.0,0.0,0.0,0.0,1.0,0.0,0.0,0.0,0.0,0.0,0.0,0.0,0.0,0.0,0.0,0.0,0.0,0.0,0.0,0.0
50,66,1,0.0149,0.0,0.0,0.0,0.0,0.0,0.0,0.0,0.0,0.0,0.9848,0.0,0.0,0.0152,0.0,0.0,0.0,0.0,0.0,0.0,0.0,0.0
51,67,0,0.0,0.0,0.0,0.0,0.9552,0.0,0.0,0.0,0.0,0.0149,0.0149,0.0,0.0,0.0,0.0,0.0,0.0,0.0,0.0149,0.0,0.0,0.0
51A,1,66,0.9851,0.0,0.0,0.0,0.0,0.0,0.0,0.0,0.0,0.0,0.0,0.0,0.0,0.0,0.0,0.0,0.0,0.0,0.0,0.0,0.0,1.0
52,67,0,0.0,0.0,0.0,0.0,0.0,0.0,0.0,0.0,0.0,0.0,0.0448,0.0,0.0,0.0,0.0,0.0,0.0,0.0,0.0,0.8955,0.0597,0.0
53,67,0,0.0,0.0,0.0,0.0,0.0,0.0,0.0,0.0,0.0,0.0,0.0,0.0,0.0,0.0,0.0,0.0,0.0,0.0,1.0,0.0,0.0,0.0
54,67,0,0.0,0.1194,0.0,0.0,0.0,0.0,0.1343,0.0,0.0,0.0,0.0,0.0,0.0,0.0,0.0,0.0,0.7313,0.0,0.0,0.0,0.0,0.0149
55,67,0,0.0,0.1642,0.0,0.0,0.0,0.0597,0.194,0.0,0.0,0.0,0.0597,0.0,0.0149,0.0,0.0448,0.0746,0.0896,0.0,0.209,0.0,0.0896,0.0
56,67,0,0.0,0.0,0.0,0.0,0.0,0.0,0.0,0.0,0.8507,0.0,0.0,0.0,0.0,0.0,0.0,0.0,0.0,0.0149,0.1343,0.0,0.0,0.0
57,67,0,0.0,0.0,0.0,0.0,0.0,0.0,0.0746,0.0,0.0,0.0448,0.0,0.0,0.1045,0.0,0.0,0.0896,0.5522,0.0,0.0,0.0299,0.1045,0.0
58,67,0,0.0,0.0,0.0,0.0,0.0,0.0,0.0896,0.0,0.0,0.0,0.0,0.0,0.0149,0.0448,0.0149,0.0,0.403,0.0896,0.0,0.2388,0.1045,0.0
59,64,3,0.0448,0.0469,0.0156,0.2031,0.0,0.0,0.125,0.0,0.0,0.1094,0.0,0.0,0.3125,0.0,0.0,0.0,0.1875,0.0,0.0,0.0,0.0,0.0
60,7,60,0.8955,0.7143,0.0,0.0,0.0,0.0,0.0,0.0,0.0,0.0,0.0,0.0,0.0,0.0,0.0,0.0,0.0,0.2857,0.0,0.0,0.0,0.0
61,7,60,0.8955,0.0,0.0,0.2857,0.0,0.0,0.0,0.0,0.0,0.0,0.0,0.0,0.2857,0.0,0.0,0.0,0.0,0.0,0.0,0.0,0.4286,0.0
62,53,14,0.209,0.0,0.0,0.0,0.0,0.0,0.7925,0.0,0.0,0.0,0.0,0.0,0.0,0.0,0.0,0.0,0.2075,0.0,0.0,0.0,0.0,0.0
63,67,0,0.0,0.0,0.0,0.0149,0.0,0.0,0.5672,0.0,0.0,0.0,0.0,0.0,0.0,0.0,0.0,0.0,0.3881,0.0,0.0,0.0,0.0299,0.0
64,67,0,0.0,0.0149,0.0,0.0746,0.0149,0.0,0.0,0.0,0.0,0.0,0.0,0.0,0.1045,0.0,0.0,0.0896,0.4627,0.194,0.0,0.0,0.0448,0.0
65,67,0,0.0,0.0,0.0,0.0,0.0,0.0,0.0,0.0,0.1791,0.1194,0.0,0.0,0.0,0.0149,0.0,0.0,0.0,0.6716,0.0149,0.0,0.0,0.0
66,67,0,0.0,0.0149,0.0,0.0299,0.0597,0.0,0.1045,0.0896,0.0,0.0,0.0149,0.0,0.0149,0.0,0.0,0.0,0.0149,0.0,0.0,0.0,0.6567,0.0
67,67,0,0.0,0.0,0.0,0.0,0.0,0.0,0.0,0.0,0.0,0.0,0.0448,0.0,0.0,0.0,0.0,0.0,0.0,0.0,0.0,0.0,0.9552,0.0
68,67,0,0.0,0.8358,0.0,0.0,0.0,0.0,0.0,0.0,0.0448,0.0,0.0,0.0,0.0,0.0448,0.0,0.0,0.0,0.0149,0.0597,0.0,0.0,0.0
69,67,0,0.0,0.1045,0.0,0.8358,0.0,0.0,0.0448,0.0,0.0,0.0,0.0,0.0,0.0149,0.0,0.0,0.0,0.0,0.0,0.0,0.0,0.0,0.0
70,67,0,0.0,0.0,0.0,0.0,0.0,0.0,0.0,0.0,0.0,0.0,0.0,0.0,0.0,0.0299,0.0,0.0,0.9701,0.0,0.0,0.0,0.0,0.0
71,67,0,0.0,0.0,0.0,0.0,0.0,0.0,0.0448,0.0,0.0,0.0,0.0,0.0,0.0,0.0,0.0,0.0448,0.0,0.0,0.9104,0.0,0.0,0.0
72,67,0,0.0,0.0,0.0,0.0,0.0,0.0,0.0,0.0,0.0,0.9701,0.0,0.0299,0.0,0.0,0.0,0.0,0.0,0.0,0.0,0.0,0.0,0.0
73,0,67,1.0,0.0,0.0,0.0,0.0,0.0,0.0,0.0,0.0,0.0,0.0,0.0,0.0,0.0,0.0,0.0,0.0,0.0,0.0,0.0,0.0,0.0
74,67,0,0.0,0.0,0.0,0.0448,0.0,0.0,0.9104,0.0,0.0,0.0,0.0,0.0,0.0,0.0,0.0,0.0448,0.0,0.0,0.0,0.0,0.0,0.0
75,67,0,0.0,0.0,0.0,0.0,0.0,0.0,0.0,0.0,0.0,0.0,0.0,0.0,0.0,0.0,0.0149,0.9851,0.0,0.0,0.0,0.0,0.0,0.0
76,67,0,0.0,0.0,0.0,0.0,0.0,1.0,0.0,0.0,0.0,0.0,0.0,0.0,0.0,0.0,0.0,0.0,0.0,0.0,0.0,0.0,0.0,0.0
77,67,0,0.0,0.0,0.0,0.0,0.0,0.0,0.0,0.0,0.0896,0.0,0.0,0.0,0.0448,0.0,0.0,0.0,0.0,0.8657,0.0,0.0,0.0,0.0
78,67,0,0.0,0.0,0.0,0.0,0.0,0.0,0.0,0.0,0.9552,0.0,0.0,0.0,0.0,0.0,0.0,0.0,0.0,0.0448,0.0,0.0,0.0,0.0
79,67,0,0.0,0.0,0.0,0.0,0.0,0.0,0.0,0.0,0.0,0.0,0.0,0.0,0.0,0.0,0.0,0.0,1.0,0.0,0.0,0.0,0.0,0.0
80,67,0,0.0,0.0,0.0,0.0,0.0,0.0,0.0,0.0,0.0,0.0,0.0,0.0,0.0,0.0,0.0,1.0,0.0,0.0,0.0,0.0,0.0,0.0
81,67,0,0.0,0.0,0.0,0.9403,0.0448,0.0,0.0,0.0149,0.0,0.0,0.0,0.0,0.0,0.0,0.0,0.0,0.0,0.0,0.0,0.0,0.0,0.0
82,67,0,0.0,0.0,0.0,0.1045,0.0,0.0,0.0,0.0,0.0,0.0,0.0,0.0,0.8955,0.0,0.0,0.0,0.0,0.0,0.0,0.0,0.0,0.0
83,67,0,0.0,0.403,0.0,0.0,0.0,0.0,0.0,0.0,0.0,0.0,0.0,0.0,0.0,0.0,0.0,0.0,0.597,0.0,0.0,0.0,0.0,0.0
84,67,0,0.0,0.0,0.0,0.0,0.0,0.0,0.0,0.0,0.0,0.8955,0.0,0.0,0.0,0.0,0.0149,0.0896,0.0,0.0,0.0,0.0,0.0,0.0
85,67,0,0.0,0.0,0.0,0.0,0.0,0.0,0.0,0.0,0.0,0.0299,0.0,0.0,0.9254,0.0,0.0,0.0,0.0448,0.0,0.0,0.0,0.0,0.0
86,67,0,0.0,0.0,0.0,0.0,0.0,0.0149,0.0,0.0,0.0448,0.0,0.0,0.0,0.0,0.0,0.0,0.0,0.4627,0.4776,0.0,0.0,0.0,0.0
87,67,0,0.0,0.0597,0.0,0.0,0.0,0.0,0.0,0.0,0.0,0.0,0.9403,0.0,0.0,0.0,0.0,0.0,0.0,0.0,0.0,0.0,0.0,0.0
88,67,0,0.0,0.0,0.0,0.0,0.0,0.0,0.0,0.0597,0.0,0.0,0.0,0.0,0.0,0.0,0.0,0.0,0.0,0.0,0.0,0.0,0.9403,0.0
89,67,0,0.0,0.0,0.0,0.0,0.0,0.0,0.0,0.0,0.0,0.0,0.9851,0.0,0.0,0.0,0.0149,0.0,0.0,0.0,0.0,0.0,0.0,0.0
90,67,0,0.0,0.0,0.0,0.0,0.0,0.0,0.0,0.0149,0.0,0.0,0.0,0.0,0.0,0.0,0.9851,0.0,0.0,0.0,0.0,0.0,0.0,0.0
91,67,0,0.0,0.0,0.0,0.0,0.0,0.0,0.0,0.0,0.0,0.0448,0.0,0.9254,0.0,0.0,0.0,0.0,0.0,0.0299,0.0,0.0,0.0,0.0
92,67,0,0.0,0.0,0.0,0.0,0.0,0.0,0.0448,0.0,0.0,0.0,0.0,0.0,0.9403,0.0,0.0,0.0,0.0149,0.0,0.0,0.0,0.0,0.0
93,67,0,0.0,0.0,0.0,0.0,0.0,0.0,0.0,0.0,0.0,0.0,0.0,0.0,0.0299,0.0,0.0,0.0448,0.9254,0.0,0.0,0.0,0.0,0.0
94,67,0,0.0,0.0,0.0,0.0,0.0,0.0,0.0,0.0,0.0,0.0,0.9552,0.0,0.0,0.0,0.0,0.0448,0.0,0.0,0.0,0.0,0.0,0.0
95,67,0,0.0,0.0,0.0,0.0,0.0,0.0,0.0,0.0,0.0299,0.1493,0.0,0.0,0.0,0.0,0.0,0.8209,0.0,0.0,0.0,0.0,0.0,0.0
96,67,0,0.0,0.791,0.0,0.0149,0.0,0.0,0.0,0.0,0.0,0.0,0.0,0.0,0.0,0.0149,0.0,0.0,0.0,0.1791,0.0,0.0,0.0,0.0
97,67,0,0.0,0.0,0.0,0.0149,0.9552,0.0,0.0299,0.0,0.0,0.0,0.0,0.0,0.0,0.0,0.0,0.0,0.0,0.0,0.0,0.0,0.0,0.0
98,67,0,0.0,0.0,0.0,0.9701,0.0,0.0,0.0299,0.0,0.0,0.0,0.0,0.0,0.0,0.0,0.0,0.0,0.0,0.0,0.0,0.0,0.0,0.0
99,67,0,0.0,0.0,0.0,0.0,0.0,0.0,0.0,0.0,0.0,0.0,0.0,0.1642,0.0,0.0,0.0,0.0,0.0,0.8358,0.0,0.0,0.0,0.0
100,67,0,0.0,1.0,0.0,0.0,0.0,0.0,0.0,0.0,0.0,0.0,0.0,0.0,0.0,0.0,0.0,0.0,0.0,0.0,0.0,0.0,0.0,0.0
101,67,0,0.0,0.0149,0.0,0.0,0.0,0.0,0.0,0.0,0.0,0.0,0.209,0.0,0.0,0.0,0.0,0.0,0.0,0.0,0.7761,0.0,0.0,0.0
102,67,0,0.0,0.0,0.0,0.0,0.0,0.0,0.0,0.0,0.0,0.0,0.0,0.0,0.0,0.0,0.0,0.0,0.0,0.0,0.0,0.0,1.0,0.0
103,65,2,0.0299,0.0,0.0,0.0,0.0,0.0,0.0,0.0462,0.0,0.0,0.0,0.0,0.0,0.0,0.0,0.0,0.0,0.0,0.0,0.0,0.9538,0.0
104,65,2,0.0299,0.0,1.0,0.0,0.0,0.0,0.0,0.0,0.0,0.0,0.0,0.0,0.0,0.0,0.0,0.0,0.0,0.0,0.0,0.0,0.0,0.0
105,65,2,0.0299,0.7538,0.0,0.0,0.0,0.0,0.0,0.0,0.0,0.0154,0.0,0.0,0.0,0.0,0.0,0.0,0.0,0.1077,0.1231,0.0,0.0,0.0
106,0,67,1.0,0.0,0.0,0.0,0.0,0.0,0.0,0.0,0.0,0.0,0.0,0.0,0.0,0.0,0.0,0.0,0.0,0.0,0.0,0.0,0.0,0.0
107,0,67,1.0,0.0,0.0,0.0,0.0,0.0,0.0,0.0,0.0,0.0,0.0,0.0,0.0,0.0,0.0,0.0,0.0,0.0,0.0,0.0,0.0,0.0
108,0,67,1.0,0.0,0.0,0.0,0.0,0.0,0.0,0.0,0.0,0.0,0.0,0.0,0.0,0.0,0.0,0.0,0.0,0.0,0.0,0.0,0.0,0.0
109,0,67,1.0,0.0,0.0,0.0,0.0,0.0,0.0,0.0,0.0,0.0,0.0,0.0,0.0,0.0,0.0,0.0,0.0,0.0,0.0,0.0,0.0,0.0
110,0,67,1.0,0.0,0.0,0.0,0.0,0.0,0.0,0.0,0.0,0.0,0.0,0.0,0.0,0.0,0.0,0.0,0.0,0.0,0.0,0.0,0.0,0.0
111,0,67,1.0,0.0,0.0,0.0,0.0,0.0,0.0,0.0,0.0,0.0,0.0,0.0,0.0,0.0,0.0,0.0,0.0,0.0,0.0,0.0,0.0,0.0
112,0,67,1.0,0.0,0.0,0.0,0.0,0.0,0.0,0.0,0.0,0.0,0.0,0.0,0.0,0.0,0.0,0.0,0.0,0.0,0.0,0.0,0.0,0.0
113,0,67,1.0,0.0,0.0,0.0,0.0,0.0,0.0,0.0,0.0,0.0,0.0,0.0,0.0,0.0,0.0,0.0,0.0,0.0,0.0,0.0,0.0,0.0
114,0,67,1.0,0.0,0.0,0.0,0.0,0.0,0.0,0.0,0.0,0.0,0.0,0.0,0.0,0.0,0.0,0.0,0.0,0.0,0.0,0.0,0.0,0.0
115,0,67,1.0,0.0,0.0,0.0,0.0,0.0,0.0,0.0,0.0,0.0,0.0,0.0,0.0,0.0,0.0,0.0,0.0,0.0,0.0,0.0,0.0,0.0
116,0,67,1.0,0.0,0.0,0.0,0.0,0.0,0.0,0.0,0.0,0.0,0.0,0.0,0.0,0.0,0.0,0.0,0.0,0.0,0.0,0.0,0.0,0.0
117,65,2,0.0299,0.0,0.0,0.0,0.0,0.0,0.0,0.0,0.0,0.2923,0.0,0.0,0.0,0.0,0.0,0.6769,0.0,0.0308,0.0,0.0,0.0,0.0
