position,amino_acid,count,proportion
1,E,56,0.8358
1,Q,10,0.1493
1,T,1,0.0149
2,V,61,0.9104
2,M,3,0.0448
2,D,2,0.0299
2,T,1,0.0149
3,Q,67,1.0
4,L,67,1.0
5,V,65,0.9701
5,L,2,0.0299
6,E,67,1.0
7,S,66,0.9851
7,T,1,0.0149
8,G,66,0.9851
8,R,1,0.0149
9,G,65,0.9701
9,E,2,0.0299
11,G,63,0.9403
11,V,4,0.0597
12,L,52,0.7761
12,V,15,0.2239
13,V,61,0.9104
13,A,3,0.0448
13,I,3,0.0448
14,Q,51,0.7612
14,K,12,0.1791
14,R,3,0.0448
14,E,1,0.0149
15,P,67,1.0
16,G,63,0.9403
16,A,2,0.0299
16,R,2,0.0299
17,G,51,0.7612
17,R,14,0.209
17,W,2,0.0299
18,S,67,1.0
19,L,64,0.9552
19,P,3,0.0448
20,R,65,0.9701
20,I,1,0.0149
20,K,1,0.0149
21,L,65,0.9701
21,P,2,0.0299
22,S,67,1.0
23,C,66,0.9851
23,F,1,0.0149
24,A,63,0.9403
24,T,3,0.0448
24,S,1,0.0149
25,A,67,1.0
26,S,67,1.0
27,G,64,0.9552
27,Q,3,0.0448
28,F,67,1.0
29,T,65,0.9701
29,A,2,0.0299
30,F,58,0.8657
30,V,8,0.1194
30,S,1,0.0149
35,S,53,0.791
35,D,11,0.1642
35,G,3,0.0448
36,S,40,0.597
36,D,18,0.2687
36,N,8,0.1194
36,G,1,0.0149
37,Y,48,0.7164
37,S,8,0.1194
37,N,8,0.1194
37,A,2,0.0299
37,H,1,0.0149
38,A,22,0.3284
38,Y,12,0.1791
38,D,9,0.1343
38,G,9,0.1343
38,S,5,0.0746
38,W,4,0.0597
38,E,4,0.0597
38,T,1,0.0149
38,V,1,0.0149
39,M,65,0.9701
39,L,2,0.0299
40,H,28,0.4179
40,S,21,0.3134
40,N,17,0.2537
40,D,1,0.0149
41,W,64,0.9552
41,C,3,0.0448
42,V,58,0.8657
42,I,4,0.0597
42,A,3,0.0448
42,F,2,0.0299
43,R,64,0.9552
43,H,2,0.0299
43,C,1,0.0149
44,Q,62,0.9254
44,K,3,0.0448
44,R,2,0.0299
45,A,67,1.0
46,P,63,0.9403
46,T,3,0.0448
46,S,1,0.0149
47,G,66,0.9851
47,R,1,0.0149
48,K,64,0.9552
48,N,3,0.0448
49,G,67,1.0
50,L,65,0.9848
50,P,1,0.0152
51,E,64,0.9552
51,K,1,0.0149
51,L,1,0.0149
51,V,1,0.0149
51A,*,1,1.0
52,W,60,0.8955
52,Y,4,0.0597
52,L,3,0.0448
53,V,67,1.0
54,S,49,0.7313
54,G,9,0.1343
54,A,8,0.1194
54,*,1,0.0149
55,V,14,0.209
55,G,13,0.194
55,A,11,0.1642
55,Y,6,0.0896
55,S,6,0.0896
55,R,5,0.0746
55,F,4,0.0597
55,L,4,0.0597
55,Q,3,0.0448
55,N,1,0.0149
56,I,57,0.8507
56,V,9,0.1343
56,T,1,0.0149
57,S,37,0.5522
57,N,7,0.1045
57,Y,7,0.1045
57,R,6,0.0896
57,G,5,0.0746
57,K,3,0.0448
57,W,2,0.0299
58,S,27,0.403
58,W,16,0.2388
58,Y,7,0.1045
58,T,6,0.0896
58,G,6,0.0896
58,P,3,0.0448
58,Q,1,0.0149
58,N,1,0.0149
59,N,20,0.3125
59,D,13,0.2031
59,S,12,0.1875
59,G,8,0.125
59,K,7,0.1094
59,A,3,0.0469
59,C,1,0.0156
60,A,5,0.7143
60,T,2,0.2857
61,Y,3,0.4286
61,D,2,0.2857
61,N,2,0.2857
62,G,42,0.7925
62,S,11,0.2075
63,G,38,0.5672
63,S,26,0.3881
63,Y,2,0.0299
63,D,1,0.0149
64,S,31,0.4627
64,T,13,0.194
64,N,7,0.1045
64,R,6,0.0896
64,D,5,0.0746
64,Y,3,0.0448
64,E,1,0.0149
64,A,1,0.0149
65,T,45,0.6716
65,I,12,0.1791
65,K,8,0.1194
65,P,1,0.0149
65,V,1,0.0149
66,Y,44,0.6567
66,G,7,0.1045
66,H,6,0.0896
66,E,4,0.0597
66,D,2,0.0299
66,N,1,0.0149
66,L,1,0.0149
66,A,1,0.0149
66,S,1,0.0149
67,Y,64,0.9552
67,L,3,0.0448
68,A,56,0.8358
68,V,4,0.0597
68,P,3,0.0448
68,I,3,0.0448
68,T,1,0.0149
69,D,56,0.8358
69,A,7,0.1045
69,G,3,0.0448
69,N,1,0.0149
70,S,65,0.9701
70,P,2,0.0299
71,V,61,0.9104
71,G,3,0.0448
71,R,3,0.0448
72,K,65,0.9701
72,M,2,0.0299
74,G,61,0.9104
74,R,3,0.0448
74,D,3,0.0448
75,R,66,0.9851
75,Q,1,0.0149
76,F,67,1.0
77,T,58,0.8657
77,I,6,0.0896
77,N,3,0.0448
78,I,64,0.9552
78,T,3,0.0448
79,S,67,1.0
80,R,67,1.0
81,D,63,0.9403
81,E,3,0.0448
81,H,1,0.0149
82,N,60,0.8955
82,D,7,0.1045
83,S,40,0.597
83,A,27,0.403
84,K,60,0.8955
84,R,6,0.0896
84,Q,1,0.0149
85,N,62,0.9254
85,S,3,0.0448
85,K,2,0.0299
86,T,32,0.4776
86,S,31,0.4627
86,I,3,0.0448
86,F,1,0.0149
87,L,63,0.9403
87,A,4,0.0597
88,Y,63,0.9403
88,H,4,0.0597
89,L,66,0.9851
89,Q,1,0.0149
90,Q,66,0.9851
90,H,1,0.0149
91,M,62,0.9254
91,K,3,0.0448
91,T,2,0.0299
92,N,63,0.9403
92,G,3,0.0448
92,S,1,0.0149
93,S,62,0.9254
93,R,3,0.0448
93,N,2,0.0299
94,L,64,0.9552
94,R,3,0.0448
95,R,55,0.8209
95,K,10,0.1493
95,I,2,0.0299
96,A,53,0.791
96,T,12,0.1791
96,P,1,0.0149
96,D,1,0.0149
97,E,64,0.9552
97,G,2,0.0299
97,D,1,0.0149
98,D,65,0.9701
98,G,2,0.0299
99,T,56,0.8358
99,M,11,0.1642
100,A,67,1.0
101,V,52,0.7761
101,L,14,0.209
101,A,1,0.0149
102,Y,67,1.0
103,Y,62,0.9538
103,H,3,0.0462
104,C,65,1.0
105,A,49,0.7538
105,V,8,0.1231
105,T,7,0.1077
105,K,1,0.0154
117,R,44,0.6769
117,K,19,0.2923
117,T,2,0.0308
