IMGT_Position,Top_Residues_20pct
1,"Q(0.60), -(0.26)"
2,V(0.86)
3,Q(0.92)
4,L(0.95)
5,"Q(0.46), V(0.45)"
6,E(0.92)
7,S(0.92)
8,G(0.96)
9,G(0.95)
10,-(0.99)
11,G(0.93)
12,L(0.81)
13,V(0.93)
14,Q(0.91)
15,"P(0.45), A(0.44)"
16,G(0.94)
17,G(0.88)
18,S(0.97)
19,L(0.98)
20,R(0.92)
21,L(0.96)
22,S(0.96)
23,C(0.99)
23A,-(1.00)
24,A(0.82)
25,A(0.86)
26,S(0.96)
27,G(0.89)
28,F(0.37)
29,T(0.56)
30,F(0.60)
31,-(0.97)
32,-(0.98)
32A,-(1.00)
32B,-(1.00)
32C,-(1.00)
33,-(0.99)
33A,-(1.00)
33B,-(1.00)
33C,-(1.00)
33D,-(1.00)
34,-(0.97)
35,S(0.54)
36,N(0.23)
37,Y(0.55)
38,A(0.24)
39,M(0.78)
40,G(0.52)
41,W(0.99)
42,"F(0.45), Y(0.27), V(0.26)"
43,R(0.99)
44,Q(0.95)
45,A(0.89)
45A,-(1.00)
46,P(0.94)
46A,-(1.00)
46B,-(1.00)
46C,-(1.00)
46D,-(1.00)
46E,-(1.00)
47,G(0.95)
47A,-(1.00)
47B,-(1.00)
47C,-(1.00)
47D,-(1.00)
47E,-(1.00)
47F,-(1.00)
47G,-(1.00)
47H,-(1.00)
47I,-(1.00)
47J,-(1.00)
47K,-(1.00)
48,K(0.89)
48A,-(1.00)
48B,-(1.00)
48C,-(1.00)
49,"E(0.52), G(0.28)"
50,"R(0.68), L(0.25)"
51,E(0.95)
52,"W(0.33), F(0.29)"
52A,-(1.00)
53,V(0.91)
54,"A(0.60), S(0.32)"
55,A(0.30)
56,I(0.83)
57,S(0.46)
58,S(0.23)
59,S(0.42)
60,-(0.97)
60A,-(1.00)
60B,-(1.00)
60C,-(1.00)
60D,-(1.00)
61,-(0.98)
61A,-(0.99)
61B,-(1.00)
61C,-(1.00)
61D,-(1.00)
61E,-(1.00)
62,"G(0.50), -(0.33)"
63,"G(0.46), A(0.20)"
64,S(0.44)
65,T(0.63)
66,"Y(0.29), S(0.23)"
67,Y(0.94)
67A,-(1.00)
67B,-(1.00)
67C,-(1.00)
68,"A(0.57), T(0.21)"
69,D(0.70)
69A,-(1.00)
69B,-(1.00)
69C,-(1.00)
70,S(0.92)
71,V(0.92)
72,K(0.89)
73,-(1.00)
74,G(0.94)
75,R(0.98)
76,F(0.95)
77,T(0.94)
78,I(0.90)
79,S(0.95)
80,R(0.84)
81,D(0.95)
82,N(0.82)
82A,-(1.00)
82B,-(1.00)
82C,-(1.00)
82D,-(1.00)
83,A(0.80)
83A,-(1.00)
84,K(0.87)
85,N(0.87)
86,T(0.87)
87,"V(0.60), L(0.30)"
87A,-(1.00)
87B,-(1.00)
88,Y(0.87)
89,L(0.99)
90,Q(0.91)
91,M(0.95)
92,N(0.85)
93,S(0.83)
94,L(0.98)
95,K(0.81)
96,P(0.85)
97,E(0.94)
98,D(0.99)
99,T(0.97)
100,A(0.96)
100A,-(1.00)
100B,-(1.00)
100C,-(1.00)
100D,-(1.00)
100E,-(1.00)
100F,-(1.00)
100G,-(1.00)
100H,-(1.00)
100I,-(1.00)
101,V(0.78)
102,Y(0.99)
103,Y(0.91)
104,C(0.99)
105,A(0.68)
106,"A(0.46), R(0.23)"
108,P(0.22)
109,A(0.22)
110,P(0.21)
111,-(0.23)
111A,"-(0.36), T(0.21)"
111B,-(0.46)
111C,-(0.63)
111D,-(0.76)
111E,-(0.97)
111F,-(0.99)
111G,-(1.00)
111H,-(1.00)
111I,-(1.00)
112,S(0.24)
112A,"-(0.27), T(0.22)"
112B,-(0.41)
112C,-(0.56)
112D,-(0.70)
112E,-(0.95)
112F,-(0.98)
112G,-(0.99)
112H,-(1.00)
112I,-(1.00)
113,T(0.22)
114,T(0.21)
115,Y(0.53)
116,"D(0.37), A(0.21)"
117,Y(0.74)
118,"W(0.73), R(0.21)"
119,G(0.98)
120,Q(0.89)
121,G(0.99)
122,T(0.99)
123,Q(0.86)
124,V(0.97)
125,T(0.97)
126,V(0.96)
127,S(0.82)
128,"S(0.60), -(0.35)"
129,-(0.81)
130,-(0.89)
131,-(0.92)
132,-(0.94)
133,-(0.95)
134,-(0.96)
135,-(0.97)
136,-(0.97)
137,-(0.97)
138,-(0.97)
139,-(0.97)
140,-(0.97)
141,-(0.97)
142,-(0.97)
143,-(0.97)
144,-(0.97)
145,-(0.97)
146,-(0.97)
147,-(0.97)
148,-(0.97)
149,-(0.97)
150,-(0.97)
151,-(0.97)
152,-(0.97)
153,-(0.97)
154,-(0.97)
155,-(0.97)
156,-(0.97)
157,-(0.97)
158,-(0.97)
159,-(0.97)
160,-(0.97)
161,-(0.97)
162,-(0.97)
163,-(0.97)
164,-(0.97)
165,-(0.97)
166,-(0.97)
167,-(0.97)
168,-(0.97)
169,-(0.97)
170,-(0.97)
171,-(0.97)
172,-(0.97)
173,-(0.97)
174,-(0.97)
175,-(0.97)
176,-(0.97)
177,-(0.97)
178,-(0.97)
179,-(0.97)
180,-(0.97)
181,-(0.97)
182,-(0.97)
183,-(0.97)
184,-(0.97)
185,-(0.97)
186,-(0.97)
187,-(0.97)
188,-(0.97)
189,-(0.97)
190,-(0.97)
191,-(0.97)
192,-(0.97)
193,-(0.97)
194,-(0.97)
195,-(0.97)
196,-(0.97)
197,-(0.97)
198,-(0.97)
199,-(0.97)
200,-(0.97)
201,-(0.97)
202,-(0.97)
203,-(0.97)
204,-(0.97)
205,-(0.97)
206,-(0.97)
207,-(0.97)
208,-(0.97)
209,-(0.97)
210,-(0.97)
211,-(0.97)
212,-(0.97)
213,-(0.97)
214,-(0.97)
215,-(0.97)
216,-(0.97)
217,-(0.97)
218,-(0.97)
219,-(0.97)
220,-(0.97)
221,-(0.97)
222,-(0.98)
223,-(0.98)
224,-(0.98)
225,-(0.98)
226,-(0.98)
227,-(0.98)
228,-(0.98)
229,-(0.98)
230,-(0.98)
231,-(0.99)
232,-(0.99)
233,-(0.99)
234,-(0.99)
235,-(0.99)
236,-(0.99)
237,-(0.99)
238,-(0.99)
239,-(0.99)
240,-(0.99)
241,-(0.99)
242,-(0.99)
243,-(0.99)
244,-(0.99)
245,-(0.99)
246,-(0.99)
247,-(0.99)
248,-(0.99)
249,-(0.99)
250,-(0.99)
251,-(0.99)
252,-(0.99)
253,-(0.99)
254,-(0.99)
255,-(0.99)
256,-(0.99)
257,-(0.99)
258,-(0.99)
259,-(0.99)
260,-(0.99)
261,-(0.99)
262,-(0.99)
263,-(0.99)
264,-(0.99)
265,-(0.99)
266,-(0.99)
267,-(0.99)
268,-(0.99)
269,-(0.99)
270,-(0.99)
271,-(0.99)
272,-(0.99)
273,-(0.99)
274,-(0.99)
275,-(0.99)
276,-(0.99)
277,-(0.99)
278,-(0.99)
279,-(0.99)
280,-(0.99)
281,-(0.99)
282,-(0.99)
283,-(0.99)
284,-(0.99)
285,-(0.99)
286,-(0.99)
287,-(0.99)
288,-(0.99)
289,-(0.99)
290,-(0.99)
291,-(0.99)
292,-(0.99)
293,-(0.99)
294,-(0.99)
295,-(0.99)
296,-(0.99)
297,-(0.99)
298,-(0.99)
299,-(0.99)
300,-(0.99)
301,-(0.99)
302,-(0.99)
303,-(0.99)
304,-(0.99)
305,-(0.99)
306,-(0.99)
307,-(0.99)
308,-(0.99)
309,-(0.99)
310,-(0.99)
311,-(0.99)
312,-(0.99)
313,-(0.99)
314,-(0.99)
315,-(0.99)
316,-(0.99)
317,-(0.99)
318,-(0.99)
319,-(0.99)
320,-(0.99)
321,-(0.99)
322,-(0.99)
323,-(0.99)
324,-(0.99)
325,-(0.99)
326,-(0.99)
327,-(0.99)
328,-(0.99)
329,-(0.99)
330,-(0.99)
331,-(0.99)
332,-(0.99)
333,-(0.99)
334,-(0.99)
335,-(0.99)
336,-(0.99)
337,-(0.99)
338,-(0.99)
339,-(0.99)
340,-(0.99)
341,-(0.99)
342,-(0.99)
343,-(0.99)
344,-(0.99)
345,-(0.99)
346,-(0.99)
347,-(0.99)
348,-(0.99)
349,-(0.99)
350,-(0.99)
351,-(0.99)
352,-(1.00)
353,-(1.00)
354,-(1.00)
355,-(1.00)
356,-(1.00)
357,-(1.00)
358,-(1.00)
359,-(1.00)
360,-(1.00)
361,-(1.00)
362,-(1.00)
363,-(1.00)
364,-(1.00)
365,-(1.00)
366,-(1.00)
367,-(1.00)
368,-(1.00)
369,-(1.00)
370,-(1.00)
371,-(1.00)
372,-(1.00)
373,-(1.00)
374,-(1.00)
375,-(1.00)
376,-(1.00)
377,-(1.00)
378,-(1.00)
379,-(1.00)
380,-(1.00)
381,-(1.00)
382,-(1.00)
383,-(1.00)
384,-(1.00)
385,-(1.00)
386,-(1.00)
387,-(1.00)
388,-(1.00)
389,-(1.00)
390,-(1.00)
391,-(1.00)
392,-(1.00)
393,-(1.00)
394,-(1.00)
395,-(1.00)
396,-(1.00)
397,-(1.00)
398,-(1.00)
399,-(1.00)
400,-(1.00)
401,-(1.00)
402,-(1.00)
403,-(1.00)
404,-(1.00)
405,-(1.00)
406,-(1.00)
407,-(1.00)
408,-(1.00)
409,-(1.00)
410,-(1.00)
411,-(1.00)
412,-(1.00)
413,-(1.00)
414,-(1.00)
415,-(1.00)
416,-(1.00)
417,-(1.00)
418,-(1.00)
419,-(1.00)
420,-(1.00)
421,-(1.00)
422,-(1.00)
423,-(1.00)
424,-(1.00)
425,-(1.00)
426,-(1.00)
427,-(1.00)
428,-(1.00)
429,-(1.00)
430,-(1.00)
431,-(1.00)
432,-(1.00)
433,-(1.00)
434,-(1.00)
435,-(1.00)
436,-(1.00)
437,-(1.00)
438,-(1.00)
439,-(1.00)
440,-(1.00)
441,-(1.00)
442,-(1.00)
443,-(1.00)
444,-(1.00)
445,-(1.00)
446,-(1.00)
447,-(1.00)
448,-(1.00)
449,-(1.00)
450,-(1.00)
451,-(1.00)
452,-(1.00)
453,-(1.00)
454,-(1.00)
455,-(1.00)
456,-(1.00)
457,-(1.00)
458,-(1.00)
459,-(1.00)
460,-(1.00)
461,-(1.00)
462,-(1.00)
463,-(1.00)
464,-(1.00)
465,-(1.00)
466,-(1.00)
467,-(1.00)
468,-(1.00)
469,-(1.00)
470,-(1.00)
471,-(1.00)
472,-(1.00)
473,-(1.00)
474,-(1.00)
475,-(1.00)
476,-(1.00)
477,-(1.00)
478,-(1.00)
479,-(1.00)
480,-(1.00)
481,-(1.00)
482,-(1.00)
483,-(1.00)
484,-(1.00)
485,-(1.00)
486,-(1.00)
487,-(1.00)
488,-(1.00)
489,-(1.00)
490,-(1.00)
491,-(1.00)
492,-(1.00)
493,-(1.00)
494,-(1.00)
495,-(1.00)
496,-(1.00)
497,-(1.00)
498,-(1.00)
